{"0.999": {"collision_ratio": 0.81925, "XGBoost": {"train_time": 1.056, "test_time": 29.059, "train_size": 5000, "test_size": 4995000, "accuracy": 0.82017, "precision": 0.82459, "recall": 0.99138, "f1": 0.90033, "roc_auc": 0.51775}, "Majority Rule": {"train_time": 0.005, "test_time": 0.018, "train_size": 5000, "test_size": 4995000, "accuracy": 0.81926, "precision": 0.81926, "recall": 1.0, "f1": 0.90065, "roc_auc": 0.5}, "DOF": 42, "simulation_time": 19064.494, "num_points": 5000000}, "0.998": {"collision_ratio": 0.81925, "XGBoost": {"train_time": 1.978, "test_time": 29.317, "train_size": 10000, "test_size": 4990000, "accuracy": 0.82231, "precision": 0.82604, "recall": 0.99203, "f1": 0.90145, "roc_auc": 0.52253}, "Majority Rule": {"train_time": 0.004, "test_time": 0.018, "train_size": 10000, "test_size": 4990000, "accuracy": 0.81926, "precision": 0.81926, "recall": 1.0, "f1": 0.90065, "roc_auc": 0.5}, "DOF": 42, "simulation_time": 19064.494, "num_points": 5000000}, "0.996": {"collision_ratio": 0.81925, "XGBoost": {"train_time": 2.751, "test_time": 29.799, "train_size": 20000, "test_size": 4980000, "accuracy": 0.82524, "precision": 0.83004, "recall": 0.98924, "f1": 0.90268, "roc_auc": 0.53558}, "Majority Rule": {"train_time": 0.009, "test_time": 0.019, "train_size": 20000, "test_size": 4980000, "accuracy": 0.81925, "precision": 0.81925, "recall": 1.0, "f1": 0.90065, "roc_auc": 0.5}, "DOF": 42, "simulation_time": 19064.494, "num_points": 5000000}, "0.99": {"collision_ratio": 0.81925, "XGBoost": {"train_time": 4.999, "test_time": 28.143, "train_size": 50000, "test_size": 4950000, "accuracy": 0.83228, "precision": 0.84137, "recall": 0.98006, "f1": 0.90543, "roc_auc": 0.57124}, "Majority Rule": {"train_time": 0.021, "test_time": 0.019, "train_size": 50000, "test_size": 4950000, "accuracy": 0.81926, "precision": 0.81926, "recall": 1.0, "f1": 0.90065, "roc_auc": 0.5}, "DOF": 42, "simulation_time": 19064.494, "num_points": 5000000}, "0.98": {"collision_ratio": 0.81925, "XGBoost": {"train_time": 5.762, "test_time": 25.354, "train_size": 100000, "test_size": 4900000, "accuracy": 0.83833, "precision": 0.84881, "recall": 0.97662, "f1": 0.90824, "roc_auc": 0.59408}, "Majority Rule": {"train_time": 0.016, "test_time": 0.018, "train_size": 100000, "test_size": 4900000, "accuracy": 0.81925, "precision": 0.81925, "recall": 1.0, "f1": 0.90065, "roc_auc": 0.5}, "DOF": 42, "simulation_time": 19064.494, "num_points": 5000000}, "0.95": {"collision_ratio": 0.81925, "XGBoost": {"train_time": 8.754, "test_time": 23.512, "train_size": 250000, "test_size": 4750000, "accuracy": 0.84793, "precision": 0.85985, "recall": 0.97294, "f1": 0.91291, "roc_auc": 0.6273}, "Majority Rule": {"train_time": 0.028, "test_time": 0.017, "train_size": 250000, "test_size": 4750000, "accuracy": 0.81916, "precision": 0.81916, "recall": 1.0, "f1": 0.90059, "roc_auc": 0.5}, "DOF": 42, "simulation_time": 19064.494, "num_points": 5000000}, "0.9": {"collision_ratio": 0.81925, "XGBoost": {"train_time": 13.137, "test_time": 23.464, "train_size": 500000, "test_size": 4500000, "accuracy": 0.85467, "precision": 0.86835, "recall": 0.96956, "f1": 0.91617, "roc_auc": 0.65204}, "Majority Rule": {"train_time": 0.043, "test_time": 0.016, "train_size": 500000, "test_size": 4500000, "accuracy": 0.81909, "precision": 0.81909, "recall": 1.0, "f1": 0.90055, "roc_auc": 0.5}, "DOF": 42, "simulation_time": 19064.494, "num_points": 5000000}, "0.8": {"collision_ratio": 0.81925, "XGBoost": {"train_time": 21.144, "test_time": 19.573, "train_size": 1000000, "test_size": 4000000, "accuracy": 0.86127, "precision": 0.87579, "recall": 0.96791, "f1": 0.91955, "roc_auc": 0.67301}, "Majority Rule": {"train_time": 0.096, "test_time": 0.014, "train_size": 1000000, "test_size": 4000000, "accuracy": 0.81918, "precision": 0.81918, "recall": 1.0, "f1": 0.90061, "roc_auc": 0.5}, "DOF": 42, "simulation_time": 19064.494, "num_points": 5000000}, "0.7": {"collision_ratio": 0.81925, "XGBoost": {"train_time": 30.958, "test_time": 15.961, "train_size": 1500000, "test_size": 3500000, "accuracy": 0.86422, "precision": 0.8788, "recall": 0.9677, "f1": 0.92111, "roc_auc": 0.68164}, "Majority Rule": {"train_time": 0.147, "test_time": 0.013, "train_size": 1500000, "test_size": 3500000, "accuracy": 0.81913, "precision": 0.81913, "recall": 1.0, "f1": 0.90057, "roc_auc": 0.5}, "DOF": 42, "simulation_time": 19064.494, "num_points": 5000000}, "0.6": {"collision_ratio": 0.81925, "XGBoost": {"train_time": 39.228, "test_time": 13.235, "train_size": 2000000, "test_size": 3000000, "accuracy": 0.86534, "precision": 0.88002, "recall": 0.96756, "f1": 0.92171, "roc_auc": 0.68477}, "Majority Rule": {"train_time": 0.168, "test_time": 0.011, "train_size": 2000000, "test_size": 3000000, "accuracy": 0.81927, "precision": 0.81927, "recall": 1.0, "f1": 0.90066, "roc_auc": 0.5}, "DOF": 42, "simulation_time": 19064.494, "num_points": 5000000}, "0.5": {"collision_ratio": 0.81925, "XGBoost": {"train_time": 45.499, "test_time": 11.022, "train_size": 2500000, "test_size": 2500000, "accuracy": 0.86652, "precision": 0.88125, "recall": 0.96745, "f1": 0.92234, "roc_auc": 0.6882}, "Majority Rule": {"train_time": 0.204, "test_time": 0.009, "train_size": 2500000, "test_size": 2500000, "accuracy": 0.81929, "precision": 0.81929, "recall": 1.0, "f1": 0.90067, "roc_auc": 0.5}, "DOF": 42, "simulation_time": 19064.494, "num_points": 5000000}, "0.4": {"collision_ratio": 0.81925, "XGBoost": {"train_time": 49.191, "test_time": 8.34, "train_size": 3000000, "test_size": 2000000, "accuracy": 0.86751, "precision": 0.88227, "recall": 0.96736, "f1": 0.92286, "roc_auc": 0.69113}, "Majority Rule": {"train_time": 0.264, "test_time": 0.007, "train_size": 3000000, "test_size": 2000000, "accuracy": 0.81926, "precision": 0.81926, "recall": 1.0, "f1": 0.90065, "roc_auc": 0.5}, "DOF": 42, "simulation_time": 19064.494, "num_points": 5000000}, "0.3": {"collision_ratio": 0.81925, "XGBoost": {"train_time": 58.54, "test_time": 6.158, "train_size": 3500000, "test_size": 1500000, "accuracy": 0.86844, "precision": 0.88287, "recall": 0.96781, "f1": 0.92339, "roc_auc": 0.69293}, "Majority Rule": {"train_time": 0.348, "test_time": 0.006, "train_size": 3500000, "test_size": 1500000, "accuracy": 0.81925, "precision": 0.81925, "recall": 1.0, "f1": 0.90065, "roc_auc": 0.5}, "DOF": 42, "simulation_time": 19064.494, "num_points": 5000000}, "0.2": {"collision_ratio": 0.81925, "XGBoost": {"train_time": 62.925, "test_time": 4.275, "train_size": 4000000, "test_size": 1000000, "accuracy": 0.86898, "precision": 0.88366, "recall": 0.96747, "f1": 0.92367, "roc_auc": 0.69486}, "Majority Rule": {"train_time": 0.379, "test_time": 0.004, "train_size": 4000000, "test_size": 1000000, "accuracy": 0.81936, "precision": 0.81936, "recall": 1.0, "f1": 0.90071, "roc_auc": 0.5}, "DOF": 42, "simulation_time": 19064.494, "num_points": 5000000}, "0.1": {"collision_ratio": 0.81925, "XGBoost": {"train_time": 69.64, "test_time": 2.039, "train_size": 4500000, "test_size": 500000, "accuracy": 0.86881, "precision": 0.88357, "recall": 0.96746, "f1": 0.92361, "roc_auc": 0.69372}, "Majority Rule": {"train_time": 0.451, "test_time": 0.002, "train_size": 4500000, "test_size": 500000, "accuracy": 0.81981, "precision": 0.81981, "recall": 1.0, "f1": 0.90098, "roc_auc": 0.5}, "DOF": 42, "simulation_time": 19064.494, "num_points": 5000000}, "0.05": {"collision_ratio": 0.81925, "XGBoost": {"train_time": 74.221, "test_time": 1.083, "train_size": 4750000, "test_size": 250000, "accuracy": 0.86914, "precision": 0.88393, "recall": 0.96744, "f1": 0.9238, "roc_auc": 0.69448}, "Majority Rule": {"train_time": 0.474, "test_time": 0.001, "train_size": 4750000, "test_size": 250000, "accuracy": 0.81994, "precision": 0.81994, "recall": 1.0, "f1": 0.90107, "roc_auc": 0.5}, "DOF": 42, "simulation_time": 19064.494, "num_points": 5000000}, "0.01": {"collision_ratio": 0.81925, "XGBoost": {"train_time": 79.925, "test_time": 0.321, "train_size": 4950000, "test_size": 50000,